id,company_name,title,location,source_platform,apply_url,source_url,salary_text,posted_at,is_active,bookmarked,applied,notes,updated_at
130,实习僧,翻译实习生 君明留学 100-120/天,,shixiseng,https://www.shixiseng.com/intern/inn_ck9fqkjbc7hp,https://www.shixiseng.com/interns?k=slam,,,True,False,False,,2026-03-01T01:32:54.520694
129,实习僧,设计实习生 甲乙广告 50-80/天,,shixiseng,https://www.shixiseng.com/intern/inn_ab5bnl909xcr,https://www.shixiseng.com/interns?k=slam,,,True,False,False,,2026-03-01T01:32:54.520694
128,实习僧,买家维护实习生 全球汽贸网 150-200/天,,shixiseng,https://www.shixiseng.com/intern/inn_7kblbokfdrtk,https://www.shixiseng.com/interns?k=slam,,,True,False,False,,2026-03-01T01:32:54.520694
127,实习僧,商家策略运营实习生 快手 200-250/天,,shixiseng,https://www.shixiseng.com/intern/inn_4gbhh37k2tgl,https://www.shixiseng.com/interns?k=%E6%9C%BA%E5%99%A8%E4%BA%BA,,,True,False,False,,2026-03-01T01:32:54.520694
126,实习僧,零售业务部日常实习生 华安基金 100/天,,shixiseng,https://www.shixiseng.com/intern/inn_1y5jts4oaqk7,https://www.shixiseng.com/interns?k=%E6%9C%BA%E5%99%A8%E4%BA%BA,,,True,False,False,,2026-03-01T01:32:54.520694
17,实习僧,/算法实习（定位/建图/位姿估方向）,,shixiseng,https://www.shixiseng.com/intern/inn_6s00iw66uphh?pcm=pc_SearchList,https://www.shixiseng.com/interns?k=slam,,,True,False,False,,2026-03-01T01:32:54.520694
16,实习僧,【】 / 算法实习(),,shixiseng,https://www.shixiseng.com/intern/inn_grs1uvvcmsec?pcm=pc_SearchList,https://www.shixiseng.com/interns?k=slam,,,True,False,False,,2026-03-01T01:32:54.520694
15,实习僧,无机开发实习,,shixiseng,https://www.shixiseng.com/intern/inn_dmygudwjdejy?pcm=pc_SearchList,https://www.shixiseng.com/interns?k=slam,,,True,False,False,,2026-03-01T01:32:54.520694
14,实习僧,实习,,shixiseng,https://www.shixiseng.com/intern/inn_r45av3gnt3zl?pcm=pc_SearchList,https://www.shixiseng.com/interns?k=slam,,,True,False,False,,2026-03-01T01:32:54.520694
13,实习僧,算法实习,,shixiseng,https://www.shixiseng.com/intern/inn_leopqwcgnfoe?pcm=pc_SearchList,https://www.shixiseng.com/interns?k=slam,,,True,False,False,,2026-03-01T01:32:54.520694
12,实习僧,算法实习,,shixiseng,https://www.shixiseng.com/intern/inn_ap1zdtchs1yr?pcm=pc_SearchList,https://www.shixiseng.com/interns?k=slam,,,True,False,False,,2026-03-01T01:32:54.520694
11,实习僧,/实习,,shixiseng,https://www.shixiseng.com/intern/inn_dshmxs9czra2?pcm=pc_SearchList,https://www.shixiseng.com/interns?k=slam,,,True,False,False,,2026-03-01T01:32:54.520694
10,实习僧,实习,,shixiseng,https://www.shixiseng.com/intern/inn_pmvzpiptibam?pcm=pc_SearchList,https://www.shixiseng.com/interns?k=%E6%9C%BA%E5%99%A8%E4%BA%BA,,,True,False,False,,2026-03-01T01:32:54.520694
9,实习僧,文案实习,,shixiseng,https://www.shixiseng.com/intern/inn_47ykc2tkoyoj?pcm=pc_SearchList,https://www.shixiseng.com/interns?k=%E6%9C%BA%E5%99%A8%E4%BA%BA,,,True,False,False,,2026-03-01T01:32:54.520694
8,实习僧,产品文案及平面管理实习（英语）,,shixiseng,https://www.shixiseng.com/intern/inn_xx9rytiorvzy?pcm=pc_SearchList,https://www.shixiseng.com/interns?k=%E6%9C%BA%E5%99%A8%E4%BA%BA,,,True,False,False,,2026-03-01T01:32:54.520694
7,实习僧,机器实习,,shixiseng,https://www.shixiseng.com/intern/inn_12bftzju4uif?pcm=pc_SearchList,https://www.shixiseng.com/interns?k=%E6%9C%BA%E5%99%A8%E4%BA%BA,,,True,False,False,,2026-03-01T01:32:54.520694
6,实习僧,导航算法实习,,shixiseng,https://www.shixiseng.com/intern/inn_iuxgo1qizymy?pcm=pc_SearchList,https://www.shixiseng.com/interns?k=%E6%9C%BA%E5%99%A8%E4%BA%BA,,,True,False,False,,2026-03-01T01:32:54.520694
5,实习僧,务实习,,shixiseng,https://www.shixiseng.com/intern/inn_5dleevhlxjxh?pcm=pc_SearchList,https://www.shixiseng.com/interns?k=%E6%9C%BA%E5%99%A8%E4%BA%BA,,,True,False,False,,2026-03-01T01:32:54.520694
4,实习僧,项目助理实习,,shixiseng,https://www.shixiseng.com/intern/inn_kv42eodt1ldc?pcm=pc_SearchList,https://www.shixiseng.com/interns?k=%E6%9C%BA%E5%99%A8%E4%BA%BA,,,True,False,False,,2026-03-01T01:32:54.520694
3,实习僧,机器控制算法,,shixiseng,https://www.shixiseng.com/intern/inn_vpan3aqgeuzv?pcm=pc_SearchList,https://www.shixiseng.com/interns?k=%E6%9C%BA%E5%99%A8%E4%BA%BA,,,True,False,False,,2026-03-01T01:32:54.520694
2,实习僧,机器实习,,shixiseng,https://www.shixiseng.com/intern/inn_u1zzki28dbnl?pcm=pc_SearchList,https://www.shixiseng.com/interns?k=%E6%9C%BA%E5%99%A8%E4%BA%BA,,,True,False,False,,2026-03-01T01:32:54.520694
1,实习僧,机器调试实习,,shixiseng,https://www.shixiseng.com/intern/inn_vdamxgf1tr0d?pcm=pc_SearchList,https://www.shixiseng.com/interns?k=%E6%9C%BA%E5%99%A8%E4%BA%BA,,,True,False,False,,2026-03-01T01:32:54.520694
125,猎聘,仿真与3D重建算法工程师(J17153)【深圳】薪资面议应届硕士深圳市优必选科技股份有限公司计算机硬件1000-2000人,,liepin,https://www.liepin.com/lptjob/77375091?pgRef=c_pc_search_page%3Ac_pc_search_job_listcard%406_77375091%3A1%3A45ca0363-96e0-447d-9b16-f36a9ce3d381&d_sfrom=search_prime&d_ckId=null&d_curPage=0&d_pageSize=40&d_headId=null&d_posi=41&skId=qhwxw3l7oot8eshkpx76szg2nxs1izgb&fkId=qhwxw3l7oot8eshkpx76szg2nxs1izgb&ckId=qhwxw3l7oot8eshkpx76szg2nxs1izgb&sfrom=search_job_pc&curPage=0&pageSize=40&index=41,https://www.liepin.com/zhaopin/?key=slam,,,True,False,False,,2026-03-01T01:32:24.503089
124,猎聘,C++软件工程师【上海-青浦区】150-250元/天实习3个月提供转正本科上海泛士杰智能电子科技有限公司IT服务1-49人,,liepin,https://www.liepin.com/lptjob/77776671?pgRef=c_pc_search_page%3Ac_pc_search_job_listcard%406_77776671%3A1%3A45ca0363-96e0-447d-9b16-f36a9ce3d381&d_sfrom=search_prime&d_ckId=null&d_curPage=0&d_pageSize=40&d_headId=null&d_posi=40&skId=qhwxw3l7oot8eshkpx76szg2nxs1izgb&fkId=qhwxw3l7oot8eshkpx76szg2nxs1izgb&ckId=qhwxw3l7oot8eshkpx76szg2nxs1izgb&sfrom=search_job_pc&curPage=0&pageSize=40&index=40,https://www.liepin.com/zhaopin/?key=slam,,,True,False,False,,2026-03-01T01:32:24.503089
123,猎聘,SLAM实习生(J10340)【深圳-龙华区】250-400元/天实习6个月硕士深圳市人工智能与机器人研究院学术/科研100-499人,,liepin,https://www.liepin.com/lptjob/70923271?pgRef=c_pc_search_page%3Ac_pc_search_job_listcard%406_70923271%3A1%3A45ca0363-96e0-447d-9b16-f36a9ce3d381&d_sfrom=search_prime&d_ckId=null&d_curPage=0&d_pageSize=40&d_headId=null&d_posi=39&skId=qhwxw3l7oot8eshkpx76szg2nxs1izgb&fkId=qhwxw3l7oot8eshkpx76szg2nxs1izgb&ckId=qhwxw3l7oot8eshkpx76szg2nxs1izgb&sfrom=search_job_pc&curPage=0&pageSize=40&index=39,https://www.liepin.com/zhaopin/?key=slam,,,True,False,False,,2026-03-01T01:32:24.503089
122,猎聘,slam算法开发工程师(J10780)【武汉-洪山区】25-35k·15薪应届硕士黑芝麻智能电子/半导体/集成电路港股上市1000-2000人,,liepin,https://www.liepin.com/lptjob/77005937?pgRef=c_pc_search_page%3Ac_pc_search_job_listcard%406_77005937%3A1%3A45ca0363-96e0-447d-9b16-f36a9ce3d381&d_sfrom=search_prime&d_ckId=null&d_curPage=0&d_pageSize=40&d_headId=null&d_posi=38&skId=qhwxw3l7oot8eshkpx76szg2nxs1izgb&fkId=qhwxw3l7oot8eshkpx76szg2nxs1izgb&ckId=qhwxw3l7oot8eshkpx76szg2nxs1izgb&sfrom=search_job_pc&curPage=0&pageSize=40&index=38,https://www.liepin.com/zhaopin/?key=slam,,,True,False,False,,2026-03-01T01:32:24.503089
121,猎聘,【2026届校招】视觉SLAM【苏州-相城区】16-23k应届硕士苏州挚途科技有限公司人工智能A轮100-499人,,liepin,https://www.liepin.com/lptjob/77323919?pgRef=c_pc_search_page%3Ac_pc_search_job_listcard%406_77323919%3A1%3A45ca0363-96e0-447d-9b16-f36a9ce3d381&d_sfrom=search_prime&d_ckId=null&d_curPage=0&d_pageSize=40&d_headId=null&d_posi=37&skId=qhwxw3l7oot8eshkpx76szg2nxs1izgb&fkId=qhwxw3l7oot8eshkpx76szg2nxs1izgb&ckId=qhwxw3l7oot8eshkpx76szg2nxs1izgb&sfrom=search_job_pc&curPage=0&pageSize=40&index=37,https://www.liepin.com/zhaopin/?key=slam,,,True,False,False,,2026-03-01T01:32:24.503089
120,猎聘,SLAM算法实习生【深圳-南山区】250-300元/天实习3个月本科深圳市卓驭科技有限公司人工智能1000-2000人,,liepin,https://www.liepin.com/lptjob/76687369?pgRef=c_pc_search_page%3Ac_pc_search_job_listcard%406_76687369%3A1%3A45ca0363-96e0-447d-9b16-f36a9ce3d381&d_sfrom=search_prime&d_ckId=null&d_curPage=0&d_pageSize=40&d_headId=null&d_posi=36&skId=qhwxw3l7oot8eshkpx76szg2nxs1izgb&fkId=qhwxw3l7oot8eshkpx76szg2nxs1izgb&ckId=qhwxw3l7oot8eshkpx76szg2nxs1izgb&sfrom=search_job_pc&curPage=0&pageSize=40&index=36,https://www.liepin.com/zhaopin/?key=slam,,,True,False,False,,2026-03-01T01:32:24.503089
119,猎聘,slam算法实习【深圳-罗湖区】150-300元/天实习3个月提供转正本科湖南凯之成智能装备有限公司新能源1-49人,,liepin,https://www.liepin.com/lptjob/77137341?pgRef=c_pc_search_page%3Ac_pc_search_job_listcard%406_77137341%3A1%3A45ca0363-96e0-447d-9b16-f36a9ce3d381&d_sfrom=search_prime&d_ckId=null&d_curPage=0&d_pageSize=40&d_headId=null&d_posi=35&skId=qhwxw3l7oot8eshkpx76szg2nxs1izgb&fkId=qhwxw3l7oot8eshkpx76szg2nxs1izgb&ckId=qhwxw3l7oot8eshkpx76szg2nxs1izgb&sfrom=search_job_pc&curPage=0&pageSize=40&index=35,https://www.liepin.com/zhaopin/?key=slam,,,True,False,False,,2026-03-01T01:32:24.503089
118,猎聘,【2026届校招】激光slam【苏州-相城区】16-23k应届硕士苏州挚途科技有限公司人工智能A轮100-499人,,liepin,https://www.liepin.com/lptjob/77322969?pgRef=c_pc_search_page%3Ac_pc_search_job_listcard%406_77322969%3A1%3A45ca0363-96e0-447d-9b16-f36a9ce3d381&d_sfrom=search_prime&d_ckId=null&d_curPage=0&d_pageSize=40&d_headId=null&d_posi=34&skId=qhwxw3l7oot8eshkpx76szg2nxs1izgb&fkId=qhwxw3l7oot8eshkpx76szg2nxs1izgb&ckId=qhwxw3l7oot8eshkpx76szg2nxs1izgb&sfrom=search_job_pc&curPage=0&pageSize=40&index=34,https://www.liepin.com/zhaopin/?key=slam,,,True,False,False,,2026-03-01T01:32:24.503089
117,猎聘,视觉slam实习生【深圳-南山区】250-300元/天实习6个月硕士速腾聚创智能硬件/消费电子港股上市1000-2000人,,liepin,https://www.liepin.com/lptjob/77981165?pgRef=c_pc_search_page%3Ac_pc_search_job_listcard%406_77981165%3A1%3A45ca0363-96e0-447d-9b16-f36a9ce3d381&d_sfrom=search_prime&d_ckId=null&d_curPage=0&d_pageSize=40&d_headId=null&d_posi=33&skId=qhwxw3l7oot8eshkpx76szg2nxs1izgb&fkId=qhwxw3l7oot8eshkpx76szg2nxs1izgb&ckId=qhwxw3l7oot8eshkpx76szg2nxs1izgb&sfrom=search_job_pc&curPage=0&pageSize=40&index=33,https://www.liepin.com/zhaopin/?key=slam,,,True,False,False,,2026-03-01T01:32:24.503089
116,猎聘,slam算法工程师(A56729)【上海-闵行区】18-35k·14薪应届硕士博雷顿整车制造港股上市100-499人,,liepin,https://www.liepin.com/lptjob/79245017?pgRef=c_pc_search_page%3Ac_pc_search_job_listcard%406_79245017%3A1%3A45ca0363-96e0-447d-9b16-f36a9ce3d381&d_sfrom=search_prime&d_ckId=null&d_curPage=0&d_pageSize=40&d_headId=null&d_posi=32&skId=qhwxw3l7oot8eshkpx76szg2nxs1izgb&fkId=qhwxw3l7oot8eshkpx76szg2nxs1izgb&ckId=qhwxw3l7oot8eshkpx76szg2nxs1izgb&sfrom=search_job_pc&curPage=0&pageSize=40&index=32,https://www.liepin.com/zhaopin/?key=slam,,,True,False,False,,2026-03-01T01:32:24.503089
115,猎聘,视觉SLAM算法工程师【上海-嘉定区】250-400元/天实习3个月提供转正硕士舵敏智能汽车零部件及配件天使轮1-49人,,liepin,https://www.liepin.com/lptjob/55489105?pgRef=c_pc_search_page%3Ac_pc_search_job_listcard%406_55489105%3A1%3A45ca0363-96e0-447d-9b16-f36a9ce3d381&d_sfrom=search_prime&d_ckId=null&d_curPage=0&d_pageSize=40&d_headId=null&d_posi=30&skId=qhwxw3l7oot8eshkpx76szg2nxs1izgb&fkId=qhwxw3l7oot8eshkpx76szg2nxs1izgb&ckId=qhwxw3l7oot8eshkpx76szg2nxs1izgb&sfrom=search_job_pc&curPage=0&pageSize=40&index=30,https://www.liepin.com/zhaopin/?key=slam,,,True,False,False,,2026-03-01T01:32:24.503089
114,猎聘,激光SLAM算法工程师【南京-秦淮区】200-250元/天实习6个月硕士丰疆智能工业自动化B轮1000-2000人,,liepin,https://www.liepin.com/lptjob/73415543?pgRef=c_pc_search_page%3Ac_pc_search_job_listcard%406_73415543%3A1%3A45ca0363-96e0-447d-9b16-f36a9ce3d381&d_sfrom=search_prime&d_ckId=null&d_curPage=0&d_pageSize=40&d_headId=null&d_posi=29&skId=qhwxw3l7oot8eshkpx76szg2nxs1izgb&fkId=qhwxw3l7oot8eshkpx76szg2nxs1izgb&ckId=qhwxw3l7oot8eshkpx76szg2nxs1izgb&sfrom=search_job_pc&curPage=0&pageSize=40&index=29,https://www.liepin.com/zhaopin/?key=slam,,,True,False,False,,2026-03-01T01:32:24.503089
113,猎聘,激光SLAM算法工程师【西安-高新区】200-250元/天实习6个月硕士丰疆智能工业自动化B轮1000-2000人,,liepin,https://www.liepin.com/lptjob/73415545?pgRef=c_pc_search_page%3Ac_pc_search_job_listcard%406_73415545%3A1%3A45ca0363-96e0-447d-9b16-f36a9ce3d381&d_sfrom=search_prime&d_ckId=null&d_curPage=0&d_pageSize=40&d_headId=null&d_posi=28&skId=qhwxw3l7oot8eshkpx76szg2nxs1izgb&fkId=qhwxw3l7oot8eshkpx76szg2nxs1izgb&ckId=qhwxw3l7oot8eshkpx76szg2nxs1izgb&sfrom=search_job_pc&curPage=0&pageSize=40&index=28,https://www.liepin.com/zhaopin/?key=slam,,,True,False,False,,2026-03-01T01:32:24.503089
112,猎聘,SLAM算法实习生【深圳-龙华区】200-400元/天实习6个月提供转正本科深圳留形科技有限公司智能硬件/消费电子A轮1-49人,,liepin,https://www.liepin.com/lptjob/74334541?pgRef=c_pc_search_page%3Ac_pc_search_job_listcard%406_74334541%3A1%3A45ca0363-96e0-447d-9b16-f36a9ce3d381&d_sfrom=search_prime&d_ckId=null&d_curPage=0&d_pageSize=40&d_headId=null&d_posi=27&skId=qhwxw3l7oot8eshkpx76szg2nxs1izgb&fkId=qhwxw3l7oot8eshkpx76szg2nxs1izgb&ckId=qhwxw3l7oot8eshkpx76szg2nxs1izgb&sfrom=search_job_pc&curPage=0&pageSize=40&index=27,https://www.liepin.com/zhaopin/?key=slam,,,True,False,False,,2026-03-01T01:32:24.503089
111,猎聘,SLAM算法实习生【北京-朝阳区】150-250元/天实习3个月硕士经纬恒润汽车零部件及配件科创板上市5000-10000人,,liepin,https://www.liepin.com/lptjob/75117083?pgRef=c_pc_search_page%3Ac_pc_search_job_listcard%406_75117083%3A1%3A45ca0363-96e0-447d-9b16-f36a9ce3d381&d_sfrom=search_prime&d_ckId=null&d_curPage=0&d_pageSize=40&d_headId=null&d_posi=26&skId=qhwxw3l7oot8eshkpx76szg2nxs1izgb&fkId=qhwxw3l7oot8eshkpx76szg2nxs1izgb&ckId=qhwxw3l7oot8eshkpx76szg2nxs1izgb&sfrom=search_job_pc&curPage=0&pageSize=40&index=26,https://www.liepin.com/zhaopin/?key=slam,,,True,False,False,,2026-03-01T01:32:24.503089
110,猎聘,SLAM算法实习生【上海-闵行区】200-250元/天实习3个月本科国腾智能研发中心新能源融资未公开1-49人,,liepin,https://www.liepin.com/lptjob/77954885?pgRef=c_pc_search_page%3Ac_pc_search_job_listcard%406_77954885%3A1%3A45ca0363-96e0-447d-9b16-f36a9ce3d381&d_sfrom=search_prime&d_ckId=null&d_curPage=0&d_pageSize=40&d_headId=null&d_posi=25&skId=qhwxw3l7oot8eshkpx76szg2nxs1izgb&fkId=qhwxw3l7oot8eshkpx76szg2nxs1izgb&ckId=qhwxw3l7oot8eshkpx76szg2nxs1izgb&sfrom=search_job_pc&curPage=0&pageSize=40&index=25,https://www.liepin.com/zhaopin/?key=slam,,,True,False,False,,2026-03-01T01:32:24.503089
109,猎聘,实习SLAM及3D重建深度学习分割跟踪算法工程师【天津-滨海新区】100-150元/天实习3个月本科长数机器人智能硬件/消费电子1-49人,,liepin,https://www.liepin.com/lptjob/64642117?pgRef=c_pc_search_page%3Ac_pc_search_job_listcard%406_64642117%3A1%3A45ca0363-96e0-447d-9b16-f36a9ce3d381&d_sfrom=search_prime&d_ckId=null&d_curPage=0&d_pageSize=40&d_headId=null&d_posi=23&skId=qhwxw3l7oot8eshkpx76szg2nxs1izgb&fkId=qhwxw3l7oot8eshkpx76szg2nxs1izgb&ckId=qhwxw3l7oot8eshkpx76szg2nxs1izgb&sfrom=search_job_pc&curPage=0&pageSize=40&index=23,https://www.liepin.com/zhaopin/?key=slam,,,True,False,False,,2026-03-01T01:32:24.503089
108,猎聘,【校招】算法工程师（SLAM算法）【深圳-宝安区】20-30k·13薪应届硕士拓邦股份电子/半导体/集成电路沪深A股上市10000人以上,,liepin,https://www.liepin.com/lptjob/77005605?pgRef=c_pc_search_page%3Ac_pc_search_job_listcard%406_77005605%3A1%3A45ca0363-96e0-447d-9b16-f36a9ce3d381&d_sfrom=search_prime&d_ckId=null&d_curPage=0&d_pageSize=40&d_headId=null&d_posi=22&skId=qhwxw3l7oot8eshkpx76szg2nxs1izgb&fkId=qhwxw3l7oot8eshkpx76szg2nxs1izgb&ckId=qhwxw3l7oot8eshkpx76szg2nxs1izgb&sfrom=search_job_pc&curPage=0&pageSize=40&index=22,https://www.liepin.com/zhaopin/?key=slam,,,True,False,False,,2026-03-01T01:32:24.503089
107,猎聘,【智驾/机器人/具身智能】SLAM算法实习生【深圳-南山区】300-400元/天实习3个月提供转正硕士深圳青芒机器人科技有限公司IT服务融资未公开100-499人,,liepin,https://www.liepin.com/lptjob/79604885?pgRef=c_pc_search_page%3Ac_pc_search_job_listcard%406_79604885%3A1%3A45ca0363-96e0-447d-9b16-f36a9ce3d381&d_sfrom=search_prime&d_ckId=null&d_curPage=0&d_pageSize=40&d_headId=null&d_posi=21&skId=qhwxw3l7oot8eshkpx76szg2nxs1izgb&fkId=qhwxw3l7oot8eshkpx76szg2nxs1izgb&ckId=qhwxw3l7oot8eshkpx76szg2nxs1izgb&sfrom=search_job_pc&curPage=0&pageSize=40&index=21,https://www.liepin.com/zhaopin/?key=slam,,,True,False,False,,2026-03-01T01:32:24.503089
106,猎聘,SLAM算法实习生(2B1V)【北京-海淀区】300-400元/天实习6个月本科XREAL智能硬件/消费电子C轮500-999人,,liepin,https://www.liepin.com/lptjob/70129449?pgRef=c_pc_search_page%3Ac_pc_search_job_listcard%406_70129449%3A1%3A45ca0363-96e0-447d-9b16-f36a9ce3d381&d_sfrom=search_prime&d_ckId=null&d_curPage=0&d_pageSize=40&d_headId=null&d_posi=20&skId=qhwxw3l7oot8eshkpx76szg2nxs1izgb&fkId=qhwxw3l7oot8eshkpx76szg2nxs1izgb&ckId=qhwxw3l7oot8eshkpx76szg2nxs1izgb&sfrom=search_job_pc&curPage=0&pageSize=40&index=20,https://www.liepin.com/zhaopin/?key=slam,,,True,False,False,,2026-03-01T01:32:24.503089
105,猎聘,SLAM算法工程师(J10648)【杭州-滨江区】15-20k应届硕士烟台睿创微纳技术股份有限公司电子/半导体/集成电路1000-2000人,,liepin,https://www.liepin.com/lptjob/76199467?pgRef=c_pc_search_page%3Ac_pc_search_job_listcard%406_76199467%3A1%3A45ca0363-96e0-447d-9b16-f36a9ce3d381&d_sfrom=search_prime&d_ckId=null&d_curPage=0&d_pageSize=40&d_headId=null&d_posi=19&skId=qhwxw3l7oot8eshkpx76szg2nxs1izgb&fkId=qhwxw3l7oot8eshkpx76szg2nxs1izgb&ckId=qhwxw3l7oot8eshkpx76szg2nxs1izgb&sfrom=search_job_pc&curPage=0&pageSize=40&index=19,https://www.liepin.com/zhaopin/?key=slam,,,True,False,False,,2026-03-01T01:32:24.503089
104,猎聘,SLAM算法工程师(J10648)【烟台-福山区】15-20k应届硕士烟台睿创微纳技术股份有限公司电子/半导体/集成电路1000-2000人,,liepin,https://www.liepin.com/lptjob/76199469?pgRef=c_pc_search_page%3Ac_pc_search_job_listcard%406_76199469%3A1%3A45ca0363-96e0-447d-9b16-f36a9ce3d381&d_sfrom=search_prime&d_ckId=null&d_curPage=0&d_pageSize=40&d_headId=null&d_posi=18&skId=qhwxw3l7oot8eshkpx76szg2nxs1izgb&fkId=qhwxw3l7oot8eshkpx76szg2nxs1izgb&ckId=qhwxw3l7oot8eshkpx76szg2nxs1izgb&sfrom=search_job_pc&curPage=0&pageSize=40&index=18,https://www.liepin.com/zhaopin/?key=slam,,,True,False,False,,2026-03-01T01:32:24.503089
103,猎聘,Slam算法工程师【上海-浦东新区】20-30k·14薪应届硕士高仙自动化科技计算机软件D轮及以上500-999人,,liepin,https://www.liepin.com/lptjob/77055157?pgRef=c_pc_search_page%3Ac_pc_search_job_listcard%406_77055157%3A1%3A45ca0363-96e0-447d-9b16-f36a9ce3d381&d_sfrom=search_prime&d_ckId=null&d_curPage=0&d_pageSize=40&d_headId=null&d_posi=17&skId=qhwxw3l7oot8eshkpx76szg2nxs1izgb&fkId=qhwxw3l7oot8eshkpx76szg2nxs1izgb&ckId=qhwxw3l7oot8eshkpx76szg2nxs1izgb&sfrom=search_job_pc&curPage=0&pageSize=40&index=17,https://www.liepin.com/zhaopin/?key=slam,,,True,False,False,,2026-03-01T01:32:24.503089
102,猎聘,自动驾驶SLAM实习生【上海-浦东新区】200-400元/天实习4个月硕士杭州紫创科技有限公司专业技术服务A轮1-49人,,liepin,https://www.liepin.com/lptjob/79163473?pgRef=c_pc_search_page%3Ac_pc_search_job_listcard%406_79163473%3A1%3A45ca0363-96e0-447d-9b16-f36a9ce3d381&d_sfrom=search_prime&d_ckId=null&d_curPage=0&d_pageSize=40&d_headId=null&d_posi=16&skId=qhwxw3l7oot8eshkpx76szg2nxs1izgb&fkId=qhwxw3l7oot8eshkpx76szg2nxs1izgb&ckId=qhwxw3l7oot8eshkpx76szg2nxs1izgb&sfrom=search_job_pc&curPage=0&pageSize=40&index=16,https://www.liepin.com/zhaopin/?key=slam,,,True,False,False,,2026-03-01T01:32:24.503089
101,猎聘,slam算法工程师(A87694)【北京-海淀区】25-30k应届本科可以科技智能硬件/消费电子C轮100-499人,,liepin,https://www.liepin.com/lptjob/79610089?pgRef=c_pc_search_page%3Ac_pc_search_job_listcard%406_79610089%3A1%3A45ca0363-96e0-447d-9b16-f36a9ce3d381&d_sfrom=search_prime&d_ckId=null&d_curPage=0&d_pageSize=40&d_headId=null&d_posi=15&skId=qhwxw3l7oot8eshkpx76szg2nxs1izgb&fkId=qhwxw3l7oot8eshkpx76szg2nxs1izgb&ckId=qhwxw3l7oot8eshkpx76szg2nxs1izgb&sfrom=search_job_pc&curPage=0&pageSize=40&index=15,https://www.liepin.com/zhaopin/?key=slam,,,True,False,False,,2026-03-01T01:32:24.503089
100,猎聘,SLAM算法工程师（校招）【深圳-南山区】15-28k·13薪应届硕士顺丰邮政/快递10000人以上,,liepin,https://www.liepin.com/lptjob/80226669?pgRef=c_pc_search_page%3Ac_pc_search_job_listcard%406_80226669%3A1%3A45ca0363-96e0-447d-9b16-f36a9ce3d381&d_sfrom=search_prime&d_ckId=null&d_curPage=0&d_pageSize=40&d_headId=null&d_posi=14&skId=qhwxw3l7oot8eshkpx76szg2nxs1izgb&fkId=qhwxw3l7oot8eshkpx76szg2nxs1izgb&ckId=qhwxw3l7oot8eshkpx76szg2nxs1izgb&sfrom=search_job_pc&curPage=0&pageSize=40&index=14,https://www.liepin.com/zhaopin/?key=slam,,,True,False,False,,2026-03-01T01:32:24.503089
99,猎聘,激光SLAM算法工程师（2026届校招）【武汉】18-22k应届硕士数字绿土IT服务D轮及以上100-499人,,liepin,https://www.liepin.com/lptjob/77647137?pgRef=c_pc_search_page%3Ac_pc_search_job_listcard%406_77647137%3A1%3A45ca0363-96e0-447d-9b16-f36a9ce3d381&d_sfrom=search_prime&d_ckId=null&d_curPage=0&d_pageSize=40&d_headId=null&d_posi=13&skId=qhwxw3l7oot8eshkpx76szg2nxs1izgb&fkId=qhwxw3l7oot8eshkpx76szg2nxs1izgb&ckId=qhwxw3l7oot8eshkpx76szg2nxs1izgb&sfrom=search_job_pc&curPage=0&pageSize=40&index=13,https://www.liepin.com/zhaopin/?key=slam,,,True,False,False,,2026-03-01T01:32:24.503089
98,猎聘,SLAM算法工程师（2026届）【成都-高新区】18-22k应届硕士数字绿土IT服务D轮及以上100-499人,,liepin,https://www.liepin.com/lptjob/77651663?pgRef=c_pc_search_page%3Ac_pc_search_job_listcard%406_77651663%3A1%3A45ca0363-96e0-447d-9b16-f36a9ce3d381&d_sfrom=search_prime&d_ckId=null&d_curPage=0&d_pageSize=40&d_headId=null&d_posi=12&skId=qhwxw3l7oot8eshkpx76szg2nxs1izgb&fkId=qhwxw3l7oot8eshkpx76szg2nxs1izgb&ckId=qhwxw3l7oot8eshkpx76szg2nxs1izgb&sfrom=search_job_pc&curPage=0&pageSize=40&index=12,https://www.liepin.com/zhaopin/?key=slam,,,True,False,False,,2026-03-01T01:32:24.503089
97,猎聘,SLAM算法工程师（2026届）【武汉】18-22k应届硕士数字绿土IT服务D轮及以上100-499人,,liepin,https://www.liepin.com/lptjob/77651711?pgRef=c_pc_search_page%3Ac_pc_search_job_listcard%406_77651711%3A1%3A45ca0363-96e0-447d-9b16-f36a9ce3d381&d_sfrom=search_prime&d_ckId=null&d_curPage=0&d_pageSize=40&d_headId=null&d_posi=11&skId=qhwxw3l7oot8eshkpx76szg2nxs1izgb&fkId=qhwxw3l7oot8eshkpx76szg2nxs1izgb&ckId=qhwxw3l7oot8eshkpx76szg2nxs1izgb&sfrom=search_job_pc&curPage=0&pageSize=40&index=11,https://www.liepin.com/zhaopin/?key=slam,,,True,False,False,,2026-03-01T01:32:24.503089
96,猎聘,SLAM算法工程师【南京-栖霞区】15-25k应届本科霞智科技人工智能A轮100-499人,,liepin,https://www.liepin.com/lptjob/78676145?pgRef=c_pc_search_page%3Ac_pc_search_job_listcard%406_78676145%3A1%3A45ca0363-96e0-447d-9b16-f36a9ce3d381&d_sfrom=search_prime&d_ckId=null&d_curPage=0&d_pageSize=40&d_headId=null&d_posi=10&skId=qhwxw3l7oot8eshkpx76szg2nxs1izgb&fkId=qhwxw3l7oot8eshkpx76szg2nxs1izgb&ckId=qhwxw3l7oot8eshkpx76szg2nxs1izgb&sfrom=search_job_pc&curPage=0&pageSize=40&index=10,https://www.liepin.com/zhaopin/?key=slam,,,True,False,False,,2026-03-01T01:32:24.503089
95,猎聘,激光SLAM算法实习生【苏州-吴中区】250-400元/天实习3个月提供转正硕士苏州虚空涡旋科技有限公司智能硬件/消费电子不需要融资10000人以上,,liepin,https://www.liepin.com/lptjob/80433951?pgRef=c_pc_search_page%3Ac_pc_search_job_listcard%406_80433951%3A1%3A45ca0363-96e0-447d-9b16-f36a9ce3d381&d_sfrom=search_prime&d_ckId=null&d_curPage=0&d_pageSize=40&d_headId=null&d_posi=9&skId=qhwxw3l7oot8eshkpx76szg2nxs1izgb&fkId=qhwxw3l7oot8eshkpx76szg2nxs1izgb&ckId=qhwxw3l7oot8eshkpx76szg2nxs1izgb&sfrom=search_job_pc&curPage=0&pageSize=40&index=9,https://www.liepin.com/zhaopin/?key=slam,,,True,False,False,,2026-03-01T01:32:24.503089
94,猎聘,视觉slam算法实习生【上海-浦东新区】200-300元/天实习6个月硕士合肥芯明智能科技有限公司电子/半导体/集成电路A轮100-499人,,liepin,https://www.liepin.com/lptjob/73257099?pgRef=c_pc_search_page%3Ac_pc_search_job_listcard%406_73257099%3A1%3A45ca0363-96e0-447d-9b16-f36a9ce3d381&d_sfrom=search_prime&d_ckId=null&d_curPage=0&d_pageSize=40&d_headId=null&d_posi=8&skId=qhwxw3l7oot8eshkpx76szg2nxs1izgb&fkId=qhwxw3l7oot8eshkpx76szg2nxs1izgb&ckId=qhwxw3l7oot8eshkpx76szg2nxs1izgb&sfrom=search_job_pc&curPage=0&pageSize=40&index=8,https://www.liepin.com/zhaopin/?key=slam,,,True,False,False,,2026-03-01T01:32:24.503089
93,猎聘,机器视觉/SLAM算法实习生【上海-青浦区】300-400元/天实习6个月提供转正本科上海泛士杰智能电子科技有限公司IT服务1-49人,,liepin,https://www.liepin.com/lptjob/64687597?pgRef=c_pc_search_page%3Ac_pc_search_job_listcard%406_64687597%3A1%3A45ca0363-96e0-447d-9b16-f36a9ce3d381&d_sfrom=search_prime&d_ckId=null&d_curPage=0&d_pageSize=40&d_headId=null&d_posi=7&skId=qhwxw3l7oot8eshkpx76szg2nxs1izgb&fkId=qhwxw3l7oot8eshkpx76szg2nxs1izgb&ckId=qhwxw3l7oot8eshkpx76szg2nxs1izgb&sfrom=search_job_pc&curPage=0&pageSize=40&index=7,https://www.liepin.com/zhaopin/?key=slam,,,True,False,False,,2026-03-01T01:32:24.503089
92,猎聘,slam算法研发实习生【北京-海淀区】200-400元/天实习5个月提供转正本科广州柚嘉信息技术有限公司IT服务,,liepin,https://www.liepin.com/lptjob/79552003?pgRef=c_pc_search_page%3Ac_pc_search_job_listcard%406_79552003%3A1%3A45ca0363-96e0-447d-9b16-f36a9ce3d381&d_sfrom=search_prime&d_ckId=null&d_curPage=0&d_pageSize=40&d_headId=null&d_posi=6&skId=qhwxw3l7oot8eshkpx76szg2nxs1izgb&fkId=qhwxw3l7oot8eshkpx76szg2nxs1izgb&ckId=qhwxw3l7oot8eshkpx76szg2nxs1izgb&sfrom=search_job_pc&curPage=0&pageSize=40&index=6,https://www.liepin.com/zhaopin/?key=slam,,,True,False,False,,2026-03-01T01:32:24.503089
91,猎聘,Slam算法工程师【宁波-北仑区】150-300元/天实习3个月提供转正硕士京创云将(宁波)科技人工智能1-49人,,liepin,https://www.liepin.com/lptjob/77468751?pgRef=c_pc_search_page%3Ac_pc_search_job_listcard%406_77468751%3A1%3A45ca0363-96e0-447d-9b16-f36a9ce3d381&d_sfrom=search_prime&d_ckId=null&d_curPage=0&d_pageSize=40&d_headId=null&d_posi=5&skId=qhwxw3l7oot8eshkpx76szg2nxs1izgb&fkId=qhwxw3l7oot8eshkpx76szg2nxs1izgb&ckId=qhwxw3l7oot8eshkpx76szg2nxs1izgb&sfrom=search_job_pc&curPage=0&pageSize=40&index=5,https://www.liepin.com/zhaopin/?key=slam,,,True,False,False,,2026-03-01T01:32:24.503089
90,猎聘,SLAM算法工程师（视觉SLAM方向）【北京-海淀区】20-40k应届硕士中国航天时代电子有限公司电子/半导体/集成电路10000人以上,,liepin,https://www.liepin.com/lptjob/78708735?pgRef=c_pc_search_page%3Ac_pc_search_job_listcard%406_78708735%3A1%3A45ca0363-96e0-447d-9b16-f36a9ce3d381&d_sfrom=search_prime&d_ckId=null&d_curPage=0&d_pageSize=40&d_headId=null&d_posi=4&skId=qhwxw3l7oot8eshkpx76szg2nxs1izgb&fkId=qhwxw3l7oot8eshkpx76szg2nxs1izgb&ckId=qhwxw3l7oot8eshkpx76szg2nxs1izgb&sfrom=search_job_pc&curPage=0&pageSize=40&index=4,https://www.liepin.com/zhaopin/?key=slam,,,True,False,False,,2026-03-01T01:32:24.503089
89,猎聘,SLAM算法实习生【北京-海淀区】200-300元/天实习3个月硕士一径科技电子/半导体/集成电路100-499人,,liepin,https://www.liepin.com/lptjob/79769047?pgRef=c_pc_search_page%3Ac_pc_search_job_listcard%406_79769047%3A1%3A45ca0363-96e0-447d-9b16-f36a9ce3d381&d_sfrom=search_prime&d_ckId=null&d_curPage=0&d_pageSize=40&d_headId=null&d_posi=3&skId=qhwxw3l7oot8eshkpx76szg2nxs1izgb&fkId=qhwxw3l7oot8eshkpx76szg2nxs1izgb&ckId=qhwxw3l7oot8eshkpx76szg2nxs1izgb&sfrom=search_job_pc&curPage=0&pageSize=40&index=3,https://www.liepin.com/zhaopin/?key=slam,,,True,False,False,,2026-03-01T01:32:24.503089
88,猎聘,视觉slam实习生【苏州-相城区】200-300元/天实习3个月提供转正本科简智新创(北京)机器人科技有限公司人工智能天使轮50-99人,,liepin,https://www.liepin.com/lptjob/79857239?pgRef=c_pc_search_page%3Ac_pc_search_job_listcard%406_79857239%3A1%3A45ca0363-96e0-447d-9b16-f36a9ce3d381&d_sfrom=search_prime&d_ckId=null&d_curPage=0&d_pageSize=40&d_headId=null&d_posi=2&skId=qhwxw3l7oot8eshkpx76szg2nxs1izgb&fkId=qhwxw3l7oot8eshkpx76szg2nxs1izgb&ckId=qhwxw3l7oot8eshkpx76szg2nxs1izgb&sfrom=search_job_pc&curPage=0&pageSize=40&index=2,https://www.liepin.com/zhaopin/?key=slam,,,True,False,False,,2026-03-01T01:32:24.503089
87,猎聘,SLAM算法工程师【深圳-南山区】20-40k·15薪应届硕士深圳赛尔智控科技有限公司智能硬件/消费电子不需要融资100-499人,,liepin,https://www.liepin.com/lptjob/75311947?pgRef=c_pc_search_page%3Ac_pc_search_job_listcard%406_75311947%3A1%3A45ca0363-96e0-447d-9b16-f36a9ce3d381&d_sfrom=search_prime&d_ckId=null&d_curPage=0&d_pageSize=40&d_headId=null&d_posi=1&skId=qhwxw3l7oot8eshkpx76szg2nxs1izgb&fkId=qhwxw3l7oot8eshkpx76szg2nxs1izgb&ckId=qhwxw3l7oot8eshkpx76szg2nxs1izgb&sfrom=search_job_pc&curPage=0&pageSize=40&index=1,https://www.liepin.com/zhaopin/?key=slam,,,True,False,False,,2026-03-01T01:32:24.503089
86,猎聘,算法工程师【济南-高新区】急聘10-25k学生可投3-5年硕士山东优宝特人工智能50-99人,,liepin,https://www.liepin.com/job/1975847511.shtml?pgRef=c_pc_search_page%3Ac_pc_search_job_listcard%402_75847511%3A1%3A45ca0363-96e0-447d-9b16-f36a9ce3d381&d_sfrom=search_prime&d_ckId=null&d_curPage=0&d_pageSize=40&d_headId=null&d_posi=0&skId=qhwxw3l7oot8eshkpx76szg2nxs1izgb&fkId=qhwxw3l7oot8eshkpx76szg2nxs1izgb&ckId=qhwxw3l7oot8eshkpx76szg2nxs1izgb&sfrom=search_job_pc&curPage=0&pageSize=40&index=0,https://www.liepin.com/zhaopin/?key=slam,,,True,False,False,,2026-03-01T01:32:24.503089
85,猎聘,算法工程师【济南-高新区】急聘10-25k学生可投3-5年硕士,,liepin,https://www.liepin.com/job/1975847511.shtml?pgRef=c_pc_search_page%3Ac_pc_search_job_listcard%402_75847511%3A1%3A45ca0363-96e0-447d-9b16-f36a9ce3d381&d_sfrom=search_prime&d_ckId=null&d_curPage=0&d_pageSize=40&d_headId=null&d_posi=0&skId=qhwxw3l7oot8eshkpx76szg2nxs1izgb&fkId=qhwxw3l7oot8eshkpx76szg2nxs1izgb&ckId=qhwxw3l7oot8eshkpx76szg2nxs1izgb&sfrom=search_job_pc&curPage=0&pageSize=40&index=0,https://www.liepin.com/zhaopin/?key=slam,,,True,False,False,,2026-03-01T01:32:24.503089
84,猎聘,机器人具身智能算法研究员【北京-海淀区】35-55k·15薪应届博士新紫光集团电子/半导体/集成电路不需要融资10000人以上,,liepin,https://www.liepin.com/lptjob/80486915?pgRef=c_pc_search_page%3Ac_pc_search_job_listcard%406_80486915%3A1%3Ac341644f-fb8a-4b9f-af2e-d09b8a5443b0&d_sfrom=search_prime&d_ckId=null&d_curPage=0&d_pageSize=40&d_headId=null&d_posi=41&skId=e0lw3dvyb6cn6fwpl62wins6mdjwx8u9&fkId=e0lw3dvyb6cn6fwpl62wins6mdjwx8u9&ckId=e0lw3dvyb6cn6fwpl62wins6mdjwx8u9&sfrom=search_job_pc&curPage=0&pageSize=40&index=41,https://www.liepin.com/zhaopin/?key=%E6%9C%BA%E5%99%A8%E4%BA%BA,,,True,False,False,,2026-03-01T01:32:24.503089
83,猎聘,机器人调试工程师【苏州】5-6k应届大专苏州扶疏自动化设备有限公司机械/设备1-49人,,liepin,https://www.liepin.com/lptjob/44788715?pgRef=c_pc_search_page%3Ac_pc_search_job_listcard%406_44788715%3A1%3Ac341644f-fb8a-4b9f-af2e-d09b8a5443b0&d_sfrom=search_prime&d_ckId=null&d_curPage=0&d_pageSize=40&d_headId=null&d_posi=40&skId=e0lw3dvyb6cn6fwpl62wins6mdjwx8u9&fkId=e0lw3dvyb6cn6fwpl62wins6mdjwx8u9&ckId=e0lw3dvyb6cn6fwpl62wins6mdjwx8u9&sfrom=search_job_pc&curPage=0&pageSize=40&index=40,https://www.liepin.com/zhaopin/?key=%E6%9C%BA%E5%99%A8%E4%BA%BA,,,True,False,False,,2026-03-01T01:32:24.503089
82,猎聘,工业机器人算法工程师【天津-滨海新区】80-120元/天实习3个月提供转正本科长数机器人智能硬件/消费电子1-49人,,liepin,https://www.liepin.com/lptjob/64502145?pgRef=c_pc_search_page%3Ac_pc_search_job_listcard%406_64502145%3A1%3Ac341644f-fb8a-4b9f-af2e-d09b8a5443b0&d_sfrom=search_prime&d_ckId=null&d_curPage=0&d_pageSize=40&d_headId=null&d_posi=39&skId=e0lw3dvyb6cn6fwpl62wins6mdjwx8u9&fkId=e0lw3dvyb6cn6fwpl62wins6mdjwx8u9&ckId=e0lw3dvyb6cn6fwpl62wins6mdjwx8u9&sfrom=search_job_pc&curPage=0&pageSize=40&index=39,https://www.liepin.com/zhaopin/?key=%E6%9C%BA%E5%99%A8%E4%BA%BA,,,True,False,False,,2026-03-01T01:32:24.503089
81,猎聘,机器人/自动化实习生(J10420)【深圳-龙岗区】120-150元/天实习6个月本科深圳市人工智能与机器人研究院学术/科研100-499人,,liepin,https://www.liepin.com/lptjob/73504965?pgRef=c_pc_search_page%3Ac_pc_search_job_listcard%406_73504965%3A1%3Ac341644f-fb8a-4b9f-af2e-d09b8a5443b0&d_sfrom=search_prime&d_ckId=null&d_curPage=0&d_pageSize=40&d_headId=null&d_posi=38&skId=e0lw3dvyb6cn6fwpl62wins6mdjwx8u9&fkId=e0lw3dvyb6cn6fwpl62wins6mdjwx8u9&ckId=e0lw3dvyb6cn6fwpl62wins6mdjwx8u9&sfrom=search_job_pc&curPage=0&pageSize=40&index=38,https://www.liepin.com/zhaopin/?key=%E6%9C%BA%E5%99%A8%E4%BA%BA,,,True,False,False,,2026-03-01T01:32:24.503089
80,猎聘,机器人仿真与控制工程师【杭州】薪资面议应届硕士浙江交投科教集团有限公司培训服务10000人以上,,liepin,https://www.liepin.com/lptjob/77232645?pgRef=c_pc_search_page%3Ac_pc_search_job_listcard%406_77232645%3A1%3Ac341644f-fb8a-4b9f-af2e-d09b8a5443b0&d_sfrom=search_prime&d_ckId=null&d_curPage=0&d_pageSize=40&d_headId=null&d_posi=37&skId=e0lw3dvyb6cn6fwpl62wins6mdjwx8u9&fkId=e0lw3dvyb6cn6fwpl62wins6mdjwx8u9&ckId=e0lw3dvyb6cn6fwpl62wins6mdjwx8u9&sfrom=search_job_pc&curPage=0&pageSize=40&index=37,https://www.liepin.com/zhaopin/?key=%E6%9C%BA%E5%99%A8%E4%BA%BA,,,True,False,False,,2026-03-01T01:32:24.503089
79,猎聘,机器人整机研发项目管理实习生【深圳-南山区】100-150元/天实习3个月硕士小鹏汽车整车制造美股上市10000人以上,,liepin,https://www.liepin.com/lptjob/79216241?pgRef=c_pc_search_page%3Ac_pc_search_job_listcard%406_79216241%3A1%3Ac341644f-fb8a-4b9f-af2e-d09b8a5443b0&d_sfrom=search_prime&d_ckId=null&d_curPage=0&d_pageSize=40&d_headId=null&d_posi=36&skId=e0lw3dvyb6cn6fwpl62wins6mdjwx8u9&fkId=e0lw3dvyb6cn6fwpl62wins6mdjwx8u9&ckId=e0lw3dvyb6cn6fwpl62wins6mdjwx8u9&sfrom=search_job_pc&curPage=0&pageSize=40&index=36,https://www.liepin.com/zhaopin/?key=%E6%9C%BA%E5%99%A8%E4%BA%BA,,,True,False,False,,2026-03-01T01:32:24.503089
78,猎聘,机器人算法工程师（2026年毕业生）【南京-浦口区】15-30k应届本科南京蔚蓝智能科技有限公司人工智能100-499人,,liepin,https://www.liepin.com/lptjob/79878949?pgRef=c_pc_search_page%3Ac_pc_search_job_listcard%406_79878949%3A1%3Ac341644f-fb8a-4b9f-af2e-d09b8a5443b0&d_sfrom=search_prime&d_ckId=null&d_curPage=0&d_pageSize=40&d_headId=null&d_posi=35&skId=e0lw3dvyb6cn6fwpl62wins6mdjwx8u9&fkId=e0lw3dvyb6cn6fwpl62wins6mdjwx8u9&ckId=e0lw3dvyb6cn6fwpl62wins6mdjwx8u9&sfrom=search_job_pc&curPage=0&pageSize=40&index=35,https://www.liepin.com/zhaopin/?key=%E6%9C%BA%E5%99%A8%E4%BA%BA,,,True,False,False,,2026-03-01T01:32:24.503089
77,猎聘,招聘实习生(浙大政府共建平台+机器人领域)【杭州-余杭区】120-150元/天实习3个月本科杭州市余杭区海创人形机器人产业创新中心人工智能50-99人,,liepin,https://www.liepin.com/lptjob/80079947?pgRef=c_pc_search_page%3Ac_pc_search_job_listcard%406_80079947%3A1%3Ac341644f-fb8a-4b9f-af2e-d09b8a5443b0&d_sfrom=search_prime&d_ckId=null&d_curPage=0&d_pageSize=40&d_headId=null&d_posi=34&skId=e0lw3dvyb6cn6fwpl62wins6mdjwx8u9&fkId=e0lw3dvyb6cn6fwpl62wins6mdjwx8u9&ckId=e0lw3dvyb6cn6fwpl62wins6mdjwx8u9&sfrom=search_job_pc&curPage=0&pageSize=40&index=34,https://www.liepin.com/zhaopin/?key=%E6%9C%BA%E5%99%A8%E4%BA%BA,,,True,False,False,,2026-03-01T01:32:24.503089
76,猎聘,机器人应用技术【东莞-常平镇】9-12k应届硕士广东华创智能技术有限公司人工智能沪深A股上市100-499人,,liepin,https://www.liepin.com/lptjob/80318103?pgRef=c_pc_search_page%3Ac_pc_search_job_listcard%406_80318103%3A1%3Ac341644f-fb8a-4b9f-af2e-d09b8a5443b0&d_sfrom=search_prime&d_ckId=null&d_curPage=0&d_pageSize=40&d_headId=null&d_posi=33&skId=e0lw3dvyb6cn6fwpl62wins6mdjwx8u9&fkId=e0lw3dvyb6cn6fwpl62wins6mdjwx8u9&ckId=e0lw3dvyb6cn6fwpl62wins6mdjwx8u9&sfrom=search_job_pc&curPage=0&pageSize=40&index=33,https://www.liepin.com/zhaopin/?key=%E6%9C%BA%E5%99%A8%E4%BA%BA,,,True,False,False,,2026-03-01T01:32:24.503089
75,猎聘,南科大“机器人声学感知与具身智能”实习生招聘（长期有效）【深圳-南山区】150-300元/天实习3个月本科南方科技大学培训服务融资未公开1000-2000人,,liepin,https://www.liepin.com/lptjob/72100289?pgRef=c_pc_search_page%3Ac_pc_search_job_listcard%406_72100289%3A1%3Ac341644f-fb8a-4b9f-af2e-d09b8a5443b0&d_sfrom=search_prime&d_ckId=null&d_curPage=0&d_pageSize=40&d_headId=null&d_posi=32&skId=e0lw3dvyb6cn6fwpl62wins6mdjwx8u9&fkId=e0lw3dvyb6cn6fwpl62wins6mdjwx8u9&ckId=e0lw3dvyb6cn6fwpl62wins6mdjwx8u9&sfrom=search_job_pc&curPage=0&pageSize=40&index=32,https://www.liepin.com/zhaopin/?key=%E6%9C%BA%E5%99%A8%E4%BA%BA,,,True,False,False,,2026-03-01T01:32:24.503089
74,猎聘,机器人运动控制算法工程师【青岛-市北区】薪资面议应届硕士中车青岛四方车辆研究所有限公司机械/设备战略融资1000-2000人,,liepin,https://www.liepin.com/lptjob/77106467?pgRef=c_pc_search_page%3Ac_pc_search_job_listcard%406_77106467%3A1%3Ac341644f-fb8a-4b9f-af2e-d09b8a5443b0&d_sfrom=search_prime&d_ckId=null&d_curPage=0&d_pageSize=40&d_headId=null&d_posi=31&skId=e0lw3dvyb6cn6fwpl62wins6mdjwx8u9&fkId=e0lw3dvyb6cn6fwpl62wins6mdjwx8u9&ckId=e0lw3dvyb6cn6fwpl62wins6mdjwx8u9&sfrom=search_job_pc&curPage=0&pageSize=40&index=31,https://www.liepin.com/zhaopin/?key=%E6%9C%BA%E5%99%A8%E4%BA%BA,,,True,False,False,,2026-03-01T01:32:24.503089
73,猎聘,机器人课程研发【北京-海淀区】150-250元/天实习3个月提供转正本科弦动光年(北京)科技有限公司专业技术服务1-49人,,liepin,https://www.liepin.com/lptjob/78655045?pgRef=c_pc_search_page%3Ac_pc_search_job_listcard%406_78655045%3A1%3Ac341644f-fb8a-4b9f-af2e-d09b8a5443b0&d_sfrom=search_prime&d_ckId=null&d_curPage=0&d_pageSize=40&d_headId=null&d_posi=30&skId=e0lw3dvyb6cn6fwpl62wins6mdjwx8u9&fkId=e0lw3dvyb6cn6fwpl62wins6mdjwx8u9&ckId=e0lw3dvyb6cn6fwpl62wins6mdjwx8u9&sfrom=search_job_pc&curPage=0&pageSize=40&index=30,https://www.liepin.com/zhaopin/?key=%E6%9C%BA%E5%99%A8%E4%BA%BA,,,True,False,False,,2026-03-01T01:32:24.503089
72,猎聘,人形机器人运动控制算法工程师【北京-海淀区】20-40k应届硕士中国航天时代电子有限公司电子/半导体/集成电路10000人以上,,liepin,https://www.liepin.com/lptjob/78709061?pgRef=c_pc_search_page%3Ac_pc_search_job_listcard%406_78709061%3A1%3Ac341644f-fb8a-4b9f-af2e-d09b8a5443b0&d_sfrom=search_prime&d_ckId=null&d_curPage=0&d_pageSize=40&d_headId=null&d_posi=29&skId=e0lw3dvyb6cn6fwpl62wins6mdjwx8u9&fkId=e0lw3dvyb6cn6fwpl62wins6mdjwx8u9&ckId=e0lw3dvyb6cn6fwpl62wins6mdjwx8u9&sfrom=search_job_pc&curPage=0&pageSize=40&index=29,https://www.liepin.com/zhaopin/?key=%E6%9C%BA%E5%99%A8%E4%BA%BA,,,True,False,False,,2026-03-01T01:32:24.503089
71,猎聘,机器人仿真实习生【北京】120-150元/天实习3个月本科国创中心科技推广服务100-499人,,liepin,https://www.liepin.com/lptjob/79670413?pgRef=c_pc_search_page%3Ac_pc_search_job_listcard%406_79670413%3A1%3Ac341644f-fb8a-4b9f-af2e-d09b8a5443b0&d_sfrom=search_prime&d_ckId=null&d_curPage=0&d_pageSize=40&d_headId=null&d_posi=28&skId=e0lw3dvyb6cn6fwpl62wins6mdjwx8u9&fkId=e0lw3dvyb6cn6fwpl62wins6mdjwx8u9&ckId=e0lw3dvyb6cn6fwpl62wins6mdjwx8u9&sfrom=search_job_pc&curPage=0&pageSize=40&index=28,https://www.liepin.com/zhaopin/?key=%E6%9C%BA%E5%99%A8%E4%BA%BA,,,True,False,False,,2026-03-01T01:32:24.503089
70,猎聘,机器人算法工程师(J13158)【烟台-莱山区】25-40k应届博士杰瑞股份石化沪深A股上市5000-10000人,,liepin,https://www.liepin.com/lptjob/80028985?pgRef=c_pc_search_page%3Ac_pc_search_job_listcard%406_80028985%3A1%3Ac341644f-fb8a-4b9f-af2e-d09b8a5443b0&d_sfrom=search_prime&d_ckId=null&d_curPage=0&d_pageSize=40&d_headId=null&d_posi=27&skId=e0lw3dvyb6cn6fwpl62wins6mdjwx8u9&fkId=e0lw3dvyb6cn6fwpl62wins6mdjwx8u9&ckId=e0lw3dvyb6cn6fwpl62wins6mdjwx8u9&sfrom=search_job_pc&curPage=0&pageSize=40&index=27,https://www.liepin.com/zhaopin/?key=%E6%9C%BA%E5%99%A8%E4%BA%BA,,,True,False,False,,2026-03-01T01:32:24.503089
69,猎聘,机器人算法工程师(J13158)【深圳-南山区】25-40k应届博士杰瑞股份石化沪深A股上市5000-10000人,,liepin,https://www.liepin.com/lptjob/80028987?pgRef=c_pc_search_page%3Ac_pc_search_job_listcard%406_80028987%3A1%3Ac341644f-fb8a-4b9f-af2e-d09b8a5443b0&d_sfrom=search_prime&d_ckId=null&d_curPage=0&d_pageSize=40&d_headId=null&d_posi=26&skId=e0lw3dvyb6cn6fwpl62wins6mdjwx8u9&fkId=e0lw3dvyb6cn6fwpl62wins6mdjwx8u9&ckId=e0lw3dvyb6cn6fwpl62wins6mdjwx8u9&sfrom=search_job_pc&curPage=0&pageSize=40&index=26,https://www.liepin.com/zhaopin/?key=%E6%9C%BA%E5%99%A8%E4%BA%BA,,,True,False,False,,2026-03-01T01:32:24.503089
68,猎聘,机器人服务工程师（实习）(A63665)【上海-闵行区】200-300元/天实习6个月本科上海非夕机器人科技有限公司人工智能100-499人,,liepin,https://www.liepin.com/lptjob/77848709?pgRef=c_pc_search_page%3Ac_pc_search_job_listcard%406_77848709%3A1%3Ac341644f-fb8a-4b9f-af2e-d09b8a5443b0&d_sfrom=search_prime&d_ckId=null&d_curPage=0&d_pageSize=40&d_headId=null&d_posi=25&skId=e0lw3dvyb6cn6fwpl62wins6mdjwx8u9&fkId=e0lw3dvyb6cn6fwpl62wins6mdjwx8u9&ckId=e0lw3dvyb6cn6fwpl62wins6mdjwx8u9&sfrom=search_job_pc&curPage=0&pageSize=40&index=25,https://www.liepin.com/zhaopin/?key=%E6%9C%BA%E5%99%A8%E4%BA%BA,,,True,False,False,,2026-03-01T01:32:24.503089
67,猎聘,校招-机器人运控算法工程师【杭州】23-27k·14薪应届硕士零跑科技互联网10000人以上,,liepin,https://www.liepin.com/lptjob/78779259?pgRef=c_pc_search_page%3Ac_pc_search_job_listcard%406_78779259%3A1%3Ac341644f-fb8a-4b9f-af2e-d09b8a5443b0&d_sfrom=search_prime&d_ckId=null&d_curPage=0&d_pageSize=40&d_headId=null&d_posi=24&skId=e0lw3dvyb6cn6fwpl62wins6mdjwx8u9&fkId=e0lw3dvyb6cn6fwpl62wins6mdjwx8u9&ckId=e0lw3dvyb6cn6fwpl62wins6mdjwx8u9&sfrom=search_job_pc&curPage=0&pageSize=40&index=24,https://www.liepin.com/zhaopin/?key=%E6%9C%BA%E5%99%A8%E4%BA%BA,,,True,False,False,,2026-03-01T01:32:24.503089
66,猎聘,机器人应用测试实习生(A35209)【上海-闵行区】200-300元/天实习6个月本科上海非夕机器人科技有限公司人工智能100-499人,,liepin,https://www.liepin.com/lptjob/79698449?pgRef=c_pc_search_page%3Ac_pc_search_job_listcard%406_79698449%3A1%3Ac341644f-fb8a-4b9f-af2e-d09b8a5443b0&d_sfrom=search_prime&d_ckId=null&d_curPage=0&d_pageSize=40&d_headId=null&d_posi=23&skId=e0lw3dvyb6cn6fwpl62wins6mdjwx8u9&fkId=e0lw3dvyb6cn6fwpl62wins6mdjwx8u9&ckId=e0lw3dvyb6cn6fwpl62wins6mdjwx8u9&sfrom=search_job_pc&curPage=0&pageSize=40&index=23,https://www.liepin.com/zhaopin/?key=%E6%9C%BA%E5%99%A8%E4%BA%BA,,,True,False,False,,2026-03-01T01:32:24.503089
65,猎聘,机器人调试工程师【济南-历城区】100-150元/天实习6个月提供转正大专山东中科先进技术有限公司电子/半导体/集成电路50-99人,,liepin,https://www.liepin.com/lptjob/70623055?pgRef=c_pc_search_page%3Ac_pc_search_job_listcard%406_70623055%3A1%3Ac341644f-fb8a-4b9f-af2e-d09b8a5443b0&d_sfrom=search_prime&d_ckId=null&d_curPage=0&d_pageSize=40&d_headId=null&d_posi=22&skId=e0lw3dvyb6cn6fwpl62wins6mdjwx8u9&fkId=e0lw3dvyb6cn6fwpl62wins6mdjwx8u9&ckId=e0lw3dvyb6cn6fwpl62wins6mdjwx8u9&sfrom=search_job_pc&curPage=0&pageSize=40&index=22,https://www.liepin.com/zhaopin/?key=%E6%9C%BA%E5%99%A8%E4%BA%BA,,,True,False,False,,2026-03-01T01:32:24.503089
64,猎聘,机器人工程师实习生(A05512)【上海-闵行区】200-250元/天实习6个月本科上海非夕机器人科技有限公司人工智能100-499人,,liepin,https://www.liepin.com/lptjob/75193499?pgRef=c_pc_search_page%3Ac_pc_search_job_listcard%406_75193499%3A1%3Ac341644f-fb8a-4b9f-af2e-d09b8a5443b0&d_sfrom=search_prime&d_ckId=null&d_curPage=0&d_pageSize=40&d_headId=null&d_posi=21&skId=e0lw3dvyb6cn6fwpl62wins6mdjwx8u9&fkId=e0lw3dvyb6cn6fwpl62wins6mdjwx8u9&ckId=e0lw3dvyb6cn6fwpl62wins6mdjwx8u9&sfrom=search_job_pc&curPage=0&pageSize=40&index=21,https://www.liepin.com/zhaopin/?key=%E6%9C%BA%E5%99%A8%E4%BA%BA,,,True,False,False,,2026-03-01T01:32:24.503089
63,猎聘,机器人工程师-实习(A235546)【上海-闵行区】200-300元/天实习6个月本科上海非夕机器人科技有限公司人工智能100-499人,,liepin,https://www.liepin.com/lptjob/77479369?pgRef=c_pc_search_page%3Ac_pc_search_job_listcard%406_77479369%3A1%3Ac341644f-fb8a-4b9f-af2e-d09b8a5443b0&d_sfrom=search_prime&d_ckId=null&d_curPage=0&d_pageSize=40&d_headId=null&d_posi=20&skId=e0lw3dvyb6cn6fwpl62wins6mdjwx8u9&fkId=e0lw3dvyb6cn6fwpl62wins6mdjwx8u9&ckId=e0lw3dvyb6cn6fwpl62wins6mdjwx8u9&sfrom=search_job_pc&curPage=0&pageSize=40&index=20,https://www.liepin.com/zhaopin/?key=%E6%9C%BA%E5%99%A8%E4%BA%BA,,,True,False,False,,2026-03-01T01:32:24.503089
62,猎聘,机器人控制部实习生【北京-海淀区】200元/天实习2个月硕士北京天智航医疗科技股份有限公司互联网已上市100-499人,,liepin,https://www.liepin.com/lptjob/78136607?pgRef=c_pc_search_page%3Ac_pc_search_job_listcard%406_78136607%3A1%3Ac341644f-fb8a-4b9f-af2e-d09b8a5443b0&d_sfrom=search_prime&d_ckId=null&d_curPage=0&d_pageSize=40&d_headId=null&d_posi=19&skId=e0lw3dvyb6cn6fwpl62wins6mdjwx8u9&fkId=e0lw3dvyb6cn6fwpl62wins6mdjwx8u9&ckId=e0lw3dvyb6cn6fwpl62wins6mdjwx8u9&sfrom=search_job_pc&curPage=0&pageSize=40&index=19,https://www.liepin.com/zhaopin/?key=%E6%9C%BA%E5%99%A8%E4%BA%BA,,,True,False,False,,2026-03-01T01:32:24.503089
61,猎聘,机器人运动控制算法实习生(全身运控）-上海【上海-闵行区】400-800元/天实习3个月硕士超维动力智能人工智能天使轮50-99人,,liepin,https://www.liepin.com/lptjob/78993017?pgRef=c_pc_search_page%3Ac_pc_search_job_listcard%406_78993017%3A1%3Ac341644f-fb8a-4b9f-af2e-d09b8a5443b0&d_sfrom=search_prime&d_ckId=null&d_curPage=0&d_pageSize=40&d_headId=null&d_posi=18&skId=e0lw3dvyb6cn6fwpl62wins6mdjwx8u9&fkId=e0lw3dvyb6cn6fwpl62wins6mdjwx8u9&ckId=e0lw3dvyb6cn6fwpl62wins6mdjwx8u9&sfrom=search_job_pc&curPage=0&pageSize=40&index=18,https://www.liepin.com/zhaopin/?key=%E6%9C%BA%E5%99%A8%E4%BA%BA,,,True,False,False,,2026-03-01T01:32:24.503089
60,猎聘,实习机器人焊接工艺工程师【天津-滨海新区】100-150元/天实习3个月中专/中技长数机器人智能硬件/消费电子1-49人,,liepin,https://www.liepin.com/lptjob/64642127?pgRef=c_pc_search_page%3Ac_pc_search_job_listcard%406_64642127%3A1%3Ac341644f-fb8a-4b9f-af2e-d09b8a5443b0&d_sfrom=search_prime&d_ckId=null&d_curPage=0&d_pageSize=40&d_headId=null&d_posi=17&skId=e0lw3dvyb6cn6fwpl62wins6mdjwx8u9&fkId=e0lw3dvyb6cn6fwpl62wins6mdjwx8u9&ckId=e0lw3dvyb6cn6fwpl62wins6mdjwx8u9&sfrom=search_job_pc&curPage=0&pageSize=40&index=17,https://www.liepin.com/zhaopin/?key=%E6%9C%BA%E5%99%A8%E4%BA%BA,,,True,False,False,,2026-03-01T01:32:24.503089
59,猎聘,工业机器人工业设计实习【上海-松江区】200-250元/天实习6个月提供转正本科上海创邑智建机器人科技有限公司工业自动化1-49人,,liepin,https://www.liepin.com/lptjob/68127769?pgRef=c_pc_search_page%3Ac_pc_search_job_listcard%406_68127769%3A1%3Ac341644f-fb8a-4b9f-af2e-d09b8a5443b0&d_sfrom=search_prime&d_ckId=null&d_curPage=0&d_pageSize=40&d_headId=null&d_posi=15&skId=e0lw3dvyb6cn6fwpl62wins6mdjwx8u9&fkId=e0lw3dvyb6cn6fwpl62wins6mdjwx8u9&ckId=e0lw3dvyb6cn6fwpl62wins6mdjwx8u9&sfrom=search_job_pc&curPage=0&pageSize=40&index=15,https://www.liepin.com/zhaopin/?key=%E6%9C%BA%E5%99%A8%E4%BA%BA,,,True,False,False,,2026-03-01T01:32:24.503089
58,猎聘,人形AI机器人工业化工程师(J11621)【深圳-龙岗区】8-13k·15薪应届本科深圳威迈斯新能源(集团)股份有限公司新能源科创板上市2000-5000人,,liepin,https://www.liepin.com/lptjob/78107989?pgRef=c_pc_search_page%3Ac_pc_search_job_listcard%406_78107989%3A1%3Ac341644f-fb8a-4b9f-af2e-d09b8a5443b0&d_sfrom=search_prime&d_ckId=null&d_curPage=0&d_pageSize=40&d_headId=null&d_posi=14&skId=e0lw3dvyb6cn6fwpl62wins6mdjwx8u9&fkId=e0lw3dvyb6cn6fwpl62wins6mdjwx8u9&ckId=e0lw3dvyb6cn6fwpl62wins6mdjwx8u9&sfrom=search_job_pc&curPage=0&pageSize=40&index=14,https://www.liepin.com/zhaopin/?key=%E6%9C%BA%E5%99%A8%E4%BA%BA,,,True,False,False,,2026-03-01T01:32:24.503089
57,猎聘,审计专员/助理【莆田-涵江区】8-9k经验不限本科三明道一贸易有限公司游戏,,liepin,https://www.liepin.com/job/1966288881.shtml?pgRef=c_pc_search_page%3Ac_pc_search_job_listcard%402_66288881%3A1%3Ac341644f-fb8a-4b9f-af2e-d09b8a5443b0&d_sfrom=search_prime&d_ckId=null&d_curPage=0&d_pageSize=40&d_headId=null&d_posi=13&skId=e0lw3dvyb6cn6fwpl62wins6mdjwx8u9&fkId=e0lw3dvyb6cn6fwpl62wins6mdjwx8u9&ckId=e0lw3dvyb6cn6fwpl62wins6mdjwx8u9&sfrom=search_job_pc&curPage=0&pageSize=40&index=13,https://www.liepin.com/zhaopin/?key=%E6%9C%BA%E5%99%A8%E4%BA%BA,,,True,False,False,,2026-03-01T01:32:24.503089
56,猎聘,机器人系统工程师（上海·校招）(J10504)【上海-静安区】15-30k·15薪应届硕士卡斯柯信号有限公司IT服务融资未公开1000-2000人,,liepin,https://www.liepin.com/lptjob/74352813?pgRef=c_pc_search_page%3Ac_pc_search_job_listcard%406_74352813%3A1%3Ac341644f-fb8a-4b9f-af2e-d09b8a5443b0&d_sfrom=search_prime&d_ckId=null&d_curPage=0&d_pageSize=40&d_headId=null&d_posi=12&skId=e0lw3dvyb6cn6fwpl62wins6mdjwx8u9&fkId=e0lw3dvyb6cn6fwpl62wins6mdjwx8u9&ckId=e0lw3dvyb6cn6fwpl62wins6mdjwx8u9&sfrom=search_job_pc&curPage=0&pageSize=40&index=12,https://www.liepin.com/zhaopin/?key=%E6%9C%BA%E5%99%A8%E4%BA%BA,,,True,False,False,,2026-03-01T01:32:24.503089
55,猎聘,机器人运动控制算法【深圳-龙岗区】24-35k·15薪应届本科深圳市新凯来技术有限公司电子/半导体/集成电路2000-5000人,,liepin,https://www.liepin.com/lptjob/76221457?pgRef=c_pc_search_page%3Ac_pc_search_job_listcard%406_76221457%3A1%3Ac341644f-fb8a-4b9f-af2e-d09b8a5443b0&d_sfrom=search_prime&d_ckId=null&d_curPage=0&d_pageSize=40&d_headId=null&d_posi=11&skId=e0lw3dvyb6cn6fwpl62wins6mdjwx8u9&fkId=e0lw3dvyb6cn6fwpl62wins6mdjwx8u9&ckId=e0lw3dvyb6cn6fwpl62wins6mdjwx8u9&sfrom=search_job_pc&curPage=0&pageSize=40&index=11,https://www.liepin.com/zhaopin/?key=%E6%9C%BA%E5%99%A8%E4%BA%BA,,,True,False,False,,2026-03-01T01:32:24.503089
54,猎聘,ROS机器人应用开发【合肥-高新区】100-120元/天实习3个月提供转正本科安徽省具身因赛科技有限公司学术/科研1-49人,,liepin,https://www.liepin.com/lptjob/76418747?pgRef=c_pc_search_page%3Ac_pc_search_job_listcard%406_76418747%3A1%3Ac341644f-fb8a-4b9f-af2e-d09b8a5443b0&d_sfrom=search_prime&d_ckId=null&d_curPage=0&d_pageSize=40&d_headId=null&d_posi=9&skId=e0lw3dvyb6cn6fwpl62wins6mdjwx8u9&fkId=e0lw3dvyb6cn6fwpl62wins6mdjwx8u9&ckId=e0lw3dvyb6cn6fwpl62wins6mdjwx8u9&sfrom=search_job_pc&curPage=0&pageSize=40&index=9,https://www.liepin.com/zhaopin/?key=%E6%9C%BA%E5%99%A8%E4%BA%BA,,,True,False,False,,2026-03-01T01:32:24.503089
53,猎聘,机器人服务工程师（实习）(A206539)【佛山-南海区】200-300元/天实习6个月提供转正本科上海非夕机器人科技有限公司人工智能100-499人,,liepin,https://www.liepin.com/lptjob/80524103?pgRef=c_pc_search_page%3Ac_pc_search_job_listcard%406_80524103%3A1%3Ac341644f-fb8a-4b9f-af2e-d09b8a5443b0&d_sfrom=search_prime&d_ckId=null&d_curPage=0&d_pageSize=40&d_headId=null&d_posi=8&skId=e0lw3dvyb6cn6fwpl62wins6mdjwx8u9&fkId=e0lw3dvyb6cn6fwpl62wins6mdjwx8u9&ckId=e0lw3dvyb6cn6fwpl62wins6mdjwx8u9&sfrom=search_job_pc&curPage=0&pageSize=40&index=8,https://www.liepin.com/zhaopin/?key=%E6%9C%BA%E5%99%A8%E4%BA%BA,,,True,False,False,,2026-03-01T01:32:24.503089
52,猎聘,机器人设计实习生（机器人创新设计）(A225245)【深圳-南山区】150-200元/天实习4个月本科小鹏汽车整车制造美股上市10000人以上,,liepin,https://www.liepin.com/lptjob/79091169?pgRef=c_pc_search_page%3Ac_pc_search_job_listcard%406_79091169%3A1%3Ac341644f-fb8a-4b9f-af2e-d09b8a5443b0&d_sfrom=search_prime&d_ckId=null&d_curPage=0&d_pageSize=40&d_headId=null&d_posi=7&skId=e0lw3dvyb6cn6fwpl62wins6mdjwx8u9&fkId=e0lw3dvyb6cn6fwpl62wins6mdjwx8u9&ckId=e0lw3dvyb6cn6fwpl62wins6mdjwx8u9&sfrom=search_job_pc&curPage=0&pageSize=40&index=7,https://www.liepin.com/zhaopin/?key=%E6%9C%BA%E5%99%A8%E4%BA%BA,,,True,False,False,,2026-03-01T01:32:24.503089
51,猎聘,实习-机器人算法工程师(A173776)【深圳-南山区】500-1000元/天实习3个月提供转正本科超维动力智能人工智能天使轮50-99人,,liepin,https://www.liepin.com/lptjob/79596981?pgRef=c_pc_search_page%3Ac_pc_search_job_listcard%406_79596981%3A1%3Ac341644f-fb8a-4b9f-af2e-d09b8a5443b0&d_sfrom=search_prime&d_ckId=null&d_curPage=0&d_pageSize=40&d_headId=null&d_posi=6&skId=e0lw3dvyb6cn6fwpl62wins6mdjwx8u9&fkId=e0lw3dvyb6cn6fwpl62wins6mdjwx8u9&ckId=e0lw3dvyb6cn6fwpl62wins6mdjwx8u9&sfrom=search_job_pc&curPage=0&pageSize=40&index=6,https://www.liepin.com/zhaopin/?key=%E6%9C%BA%E5%99%A8%E4%BA%BA,,,True,False,False,,2026-03-01T01:32:24.503089
50,猎聘,机器人实习生（具身智能）【武汉-洪山区】150-250元/天实习6个月硕士北京大学武汉人工智能研究院学术/科研不需要融资50-99人,,liepin,https://www.liepin.com/lptjob/72842931?pgRef=c_pc_search_page%3Ac_pc_search_job_listcard%406_72842931%3A1%3Ac341644f-fb8a-4b9f-af2e-d09b8a5443b0&d_sfrom=search_prime&d_ckId=null&d_curPage=0&d_pageSize=40&d_headId=null&d_posi=5&skId=e0lw3dvyb6cn6fwpl62wins6mdjwx8u9&fkId=e0lw3dvyb6cn6fwpl62wins6mdjwx8u9&ckId=e0lw3dvyb6cn6fwpl62wins6mdjwx8u9&sfrom=search_job_pc&curPage=0&pageSize=40&index=5,https://www.liepin.com/zhaopin/?key=%E6%9C%BA%E5%99%A8%E4%BA%BA,,,True,False,False,,2026-03-01T01:32:24.503089
49,猎聘,机器人调试工程师（校招）【合肥-包河区】7-10k·13薪应届本科安徽巨一科技股份有限公司机械/设备科创板上市2000-5000人,,liepin,https://www.liepin.com/lptjob/79639199?pgRef=c_pc_search_page%3Ac_pc_search_job_listcard%406_79639199%3A1%3Ac341644f-fb8a-4b9f-af2e-d09b8a5443b0&d_sfrom=search_prime&d_ckId=null&d_curPage=0&d_pageSize=40&d_headId=null&d_posi=4&skId=e0lw3dvyb6cn6fwpl62wins6mdjwx8u9&fkId=e0lw3dvyb6cn6fwpl62wins6mdjwx8u9&ckId=e0lw3dvyb6cn6fwpl62wins6mdjwx8u9&sfrom=search_job_pc&curPage=0&pageSize=40&index=4,https://www.liepin.com/zhaopin/?key=%E6%9C%BA%E5%99%A8%E4%BA%BA,,,True,False,False,,2026-03-01T01:32:24.503089
48,猎聘,文员【保定-竞秀区】3-4k学生可投经验不限大专霸州市百胜建设工程有限公司房地产/建筑100-499人,,liepin,https://www.liepin.com/job/1965980989.shtml?pgRef=c_pc_search_page%3Ac_pc_search_job_listcard%402_65980989%3A1%3Ac341644f-fb8a-4b9f-af2e-d09b8a5443b0&d_sfrom=search_prime&d_ckId=null&d_curPage=0&d_pageSize=40&d_headId=null&d_posi=3&skId=e0lw3dvyb6cn6fwpl62wins6mdjwx8u9&fkId=e0lw3dvyb6cn6fwpl62wins6mdjwx8u9&ckId=e0lw3dvyb6cn6fwpl62wins6mdjwx8u9&sfrom=search_job_pc&curPage=0&pageSize=40&index=3,https://www.liepin.com/zhaopin/?key=%E6%9C%BA%E5%99%A8%E4%BA%BA,,,True,False,False,,2026-03-01T01:32:24.503089
47,猎聘,图像算法工程师【北京-大兴区】急聘15-30k·13薪学生可投经验不限硕士唯迈医疗医疗器械D轮及以上100-499人,,liepin,https://www.liepin.com/job/1979218951.shtml?pgRef=c_pc_search_page%3Ac_pc_search_job_listcard%402_79218951%3A1%3Ac341644f-fb8a-4b9f-af2e-d09b8a5443b0&d_sfrom=search_prime&d_ckId=null&d_curPage=0&d_pageSize=40&d_headId=null&d_posi=2&skId=e0lw3dvyb6cn6fwpl62wins6mdjwx8u9&fkId=e0lw3dvyb6cn6fwpl62wins6mdjwx8u9&ckId=e0lw3dvyb6cn6fwpl62wins6mdjwx8u9&sfrom=search_job_pc&curPage=0&pageSize=40&index=2,https://www.liepin.com/zhaopin/?key=%E6%9C%BA%E5%99%A8%E4%BA%BA,,,True,False,False,,2026-03-01T01:32:24.503089
46,猎聘,算法工程师【济南-高新区】急聘10-25k学生可投3-5年硕士山东优宝特人工智能50-99人,,liepin,https://www.liepin.com/job/1975847511.shtml?pgRef=c_pc_search_page%3Ac_pc_search_job_listcard%402_75847511%3A1%3Ac341644f-fb8a-4b9f-af2e-d09b8a5443b0&d_sfrom=search_prime&d_ckId=null&d_curPage=0&d_pageSize=40&d_headId=null&d_posi=1&skId=e0lw3dvyb6cn6fwpl62wins6mdjwx8u9&fkId=e0lw3dvyb6cn6fwpl62wins6mdjwx8u9&ckId=e0lw3dvyb6cn6fwpl62wins6mdjwx8u9&sfrom=search_job_pc&curPage=0&pageSize=40&index=1,https://www.liepin.com/zhaopin/?key=%E6%9C%BA%E5%99%A8%E4%BA%BA,,,True,False,False,,2026-03-01T01:32:24.503089
45,猎聘,博士后（研发工程师）【深圳-龙华区】急聘30-50k应届博士深圳市健力通智能机器人有限公司医疗器械A轮50-99人,,liepin,https://www.liepin.com/lptjob/73264171?pgRef=c_pc_search_page%3Ac_pc_search_job_listcard%406_73264171%3A1%3Ac341644f-fb8a-4b9f-af2e-d09b8a5443b0&d_sfrom=search_prime&d_ckId=null&d_curPage=0&d_pageSize=40&d_headId=null&d_posi=0&skId=e0lw3dvyb6cn6fwpl62wins6mdjwx8u9&fkId=e0lw3dvyb6cn6fwpl62wins6mdjwx8u9&ckId=e0lw3dvyb6cn6fwpl62wins6mdjwx8u9&sfrom=search_job_pc&curPage=0&pageSize=40&index=0,https://www.liepin.com/zhaopin/?key=%E6%9C%BA%E5%99%A8%E4%BA%BA,,,True,False,False,,2026-03-01T01:32:24.503089
44,猎聘,审计专员/助理【莆田-涵江区】8-9k经验不限本科,,liepin,https://www.liepin.com/job/1966288881.shtml?pgRef=c_pc_search_page%3Ac_pc_search_job_listcard%402_66288881%3A1%3Ac341644f-fb8a-4b9f-af2e-d09b8a5443b0&d_sfrom=search_prime&d_ckId=null&d_curPage=0&d_pageSize=40&d_headId=null&d_posi=13&skId=e0lw3dvyb6cn6fwpl62wins6mdjwx8u9&fkId=e0lw3dvyb6cn6fwpl62wins6mdjwx8u9&ckId=e0lw3dvyb6cn6fwpl62wins6mdjwx8u9&sfrom=search_job_pc&curPage=0&pageSize=40&index=13,https://www.liepin.com/zhaopin/?key=%E6%9C%BA%E5%99%A8%E4%BA%BA,,,True,False,False,,2026-03-01T01:32:24.503089
43,猎聘,文员【保定-竞秀区】3-4k学生可投经验不限大专,,liepin,https://www.liepin.com/job/1965980989.shtml?pgRef=c_pc_search_page%3Ac_pc_search_job_listcard%402_65980989%3A1%3Ac341644f-fb8a-4b9f-af2e-d09b8a5443b0&d_sfrom=search_prime&d_ckId=null&d_curPage=0&d_pageSize=40&d_headId=null&d_posi=3&skId=e0lw3dvyb6cn6fwpl62wins6mdjwx8u9&fkId=e0lw3dvyb6cn6fwpl62wins6mdjwx8u9&ckId=e0lw3dvyb6cn6fwpl62wins6mdjwx8u9&sfrom=search_job_pc&curPage=0&pageSize=40&index=3,https://www.liepin.com/zhaopin/?key=%E6%9C%BA%E5%99%A8%E4%BA%BA,,,True,False,False,,2026-03-01T01:32:24.503089
42,猎聘,图像算法工程师【北京-大兴区】急聘15-30k·13薪学生可投经验不限硕士,,liepin,https://www.liepin.com/job/1979218951.shtml?pgRef=c_pc_search_page%3Ac_pc_search_job_listcard%402_79218951%3A1%3Ac341644f-fb8a-4b9f-af2e-d09b8a5443b0&d_sfrom=search_prime&d_ckId=null&d_curPage=0&d_pageSize=40&d_headId=null&d_posi=2&skId=e0lw3dvyb6cn6fwpl62wins6mdjwx8u9&fkId=e0lw3dvyb6cn6fwpl62wins6mdjwx8u9&ckId=e0lw3dvyb6cn6fwpl62wins6mdjwx8u9&sfrom=search_job_pc&curPage=0&pageSize=40&index=2,https://www.liepin.com/zhaopin/?key=%E6%9C%BA%E5%99%A8%E4%BA%BA,,,True,False,False,,2026-03-01T01:32:24.503089
41,猎聘,算法工程师【济南-高新区】急聘10-25k学生可投3-5年硕士,,liepin,https://www.liepin.com/job/1975847511.shtml?pgRef=c_pc_search_page%3Ac_pc_search_job_listcard%402_75847511%3A1%3Ac341644f-fb8a-4b9f-af2e-d09b8a5443b0&d_sfrom=search_prime&d_ckId=null&d_curPage=0&d_pageSize=40&d_headId=null&d_posi=1&skId=e0lw3dvyb6cn6fwpl62wins6mdjwx8u9&fkId=e0lw3dvyb6cn6fwpl62wins6mdjwx8u9&ckId=e0lw3dvyb6cn6fwpl62wins6mdjwx8u9&sfrom=search_job_pc&curPage=0&pageSize=40&index=1,https://www.liepin.com/zhaopin/?key=%E6%9C%BA%E5%99%A8%E4%BA%BA,,,True,False,False,,2026-03-01T01:32:24.503089
40,BOSS直聘,算法备案信息,,boss_zhipin,https://about.zhipin.com/agreement?id=b9f73536711c4928bde84337cb53aa91,https://www.zhipin.com/web/geek/jobs?query=%E6%9C%BA%E5%99%A8%E4%BA%BA&_security_check=5_1772328699995,,,True,False,False,,2026-03-01T01:31:53.482775
39,BOSS直聘,人力资源服务许可证,,boss_zhipin,https://www.zhipin.com/web/common/protocol/hr-service.html,https://www.zhipin.com/web/geek/jobs?query=%E6%9C%BA%E5%99%A8%E4%BA%BA&_security_check=5_1772328699995,,,True,False,False,,2026-03-01T01:31:53.482775
38,BOSS直聘,朝阳网警,,boss_zhipin,https://sdwj.zhipin.com/web/index.html,https://www.zhipin.com/web/geek/jobs?query=%E6%9C%BA%E5%99%A8%E4%BA%BA&_security_check=5_1772328699995,,,True,False,False,,2026-03-01T01:31:53.482775
37,BOSS直聘,电子营业执照,,boss_zhipin,https://www.zhipin.com/web/common/protocol/business-license.html,https://www.zhipin.com/web/geek/jobs?query=%E6%9C%BA%E5%99%A8%E4%BA%BA&_security_check=5_1772328699995,,,True,False,False,,2026-03-01T01:31:53.482775
36,BOSS直聘,使用帮助,,boss_zhipin,https://www.zhipin.com/web/common/protocol/use-help.html,https://www.zhipin.com/web/geek/jobs?query=%E6%9C%BA%E5%99%A8%E4%BA%BA&_security_check=5_1772328699995,,,True,False,False,,2026-03-01T01:31:53.482775
35,BOSS直聘,防骗指南,,boss_zhipin,https://www.zhipin.com/web/common/protocol/cheat-guide.html,https://www.zhipin.com/web/geek/jobs?query=%E6%9C%BA%E5%99%A8%E4%BA%BA&_security_check=5_1772328699995,,,True,False,False,,2026-03-01T01:31:53.482775
34,BOSS直聘,隐私政策,,boss_zhipin,https://about.zhipin.com/agreement?id=personalinfopro,https://www.zhipin.com/web/geek/jobs?query=%E6%9C%BA%E5%99%A8%E4%BA%BA&_security_check=5_1772328699995,,,True,False,False,,2026-03-01T01:31:53.482775
33,BOSS直聘,协议与规则,,boss_zhipin,https://about.zhipin.com/agreement,https://www.zhipin.com/web/geek/jobs?query=%E6%9C%BA%E5%99%A8%E4%BA%BA&_security_check=5_1772328699995,,,True,False,False,,2026-03-01T01:31:53.482775
32,BOSS直聘,直品公益基金会,,boss_zhipin,https://gongyi.zhipin.com/home,https://www.zhipin.com/web/geek/jobs?query=%E6%9C%BA%E5%99%A8%E4%BA%BA&_security_check=5_1772328699995,,,True,False,False,,2026-03-01T01:31:53.482775
31,BOSS直聘,投资者关系 Investor Relations,,boss_zhipin,https://ir.zhipin.com/,https://www.zhipin.com/web/geek/jobs?query=%E6%9C%BA%E5%99%A8%E4%BA%BA&_security_check=5_1772328699995,,,True,False,False,,2026-03-01T01:31:53.482775
30,BOSS直聘,BOSS直聘APP,,boss_zhipin,https://app.zhipin.com/,https://www.zhipin.com/web/geek/jobs?query=%E6%9C%BA%E5%99%A8%E4%BA%BA&_security_check=5_1772328699995,,,True,False,False,,2026-03-01T01:31:53.482775
29,BOSS直聘,boss直聘电脑端下载,,boss_zhipin,https://www.zhipin.com/desktop/,https://www.zhipin.com/web/geek/jobs?query=%E6%9C%BA%E5%99%A8%E4%BA%BA&_security_check=5_1772328699995,,,True,False,False,,2026-03-01T01:31:53.482775
28,BOSS直聘,消息通知,,boss_zhipin,https://www.zhipin.com/web/geek/notify-set,https://www.zhipin.com/web/geek/jobs?query=%E6%9C%BA%E5%99%A8%E4%BA%BA&_security_check=5_1772328699995,,,True,False,False,,2026-03-01T01:31:53.482775
27,BOSS直聘,隐私保护,,boss_zhipin,https://www.zhipin.com/web/geek/privacy-set?type=privacySet&from=1,https://www.zhipin.com/web/geek/jobs?query=%E6%9C%BA%E5%99%A8%E4%BA%BA&_security_check=5_1772328699995,,,True,False,False,,2026-03-01T01:31:53.482775
26,BOSS直聘,账号与安全中心,,boss_zhipin,https://www.zhipin.com/web/geek/account?type=home,https://www.zhipin.com/web/geek/jobs?query=%E6%9C%BA%E5%99%A8%E4%BA%BA&_security_check=5_1772328699995,,,True,False,False,,2026-03-01T01:31:53.482775
25,BOSS直聘,规则中心,,boss_zhipin,https://www.zhipin.com/web/geek/rule-center,https://www.zhipin.com/web/geek/jobs?query=%E6%9C%BA%E5%99%A8%E4%BA%BA&_security_check=5_1772328699995,,,True,False,False,,2026-03-01T01:31:53.482775
24,BOSS直聘,个人中心查看面试投递状态、编辑在线简历,,boss_zhipin,https://www.zhipin.com/web/geek/recommend,https://www.zhipin.com/web/geek/jobs?query=%E6%9C%BA%E5%99%A8%E4%BA%BA&_security_check=5_1772328699995,,,True,False,False,,2026-03-01T01:31:53.482775
23,BOSS直聘,附件简历制作 打动HR的专业简历,,boss_zhipin,https://cv.zhipin.com/,https://www.zhipin.com/web/geek/jobs?query=%E6%9C%BA%E5%99%A8%E4%BA%BA&_security_check=5_1772328699995,,,True,False,False,,2026-03-01T01:31:53.482775
22,BOSS直聘,在线编辑 匹配优质岗位,,boss_zhipin,https://www.zhipin.com/web/geek/resume,https://www.zhipin.com/web/geek/jobs?query=%E6%9C%BA%E5%99%A8%E4%BA%BA&_security_check=5_1772328699995,,,True,False,False,,2026-03-01T01:31:53.482775
21,BOSS直聘,AI简历 智能简历生成,,boss_zhipin,https://cv.zhipin.com/smart-resume?from=3,https://www.zhipin.com/web/geek/jobs?query=%E6%9C%BA%E5%99%A8%E4%BA%BA&_security_check=5_1772328699995,,,True,False,False,,2026-03-01T01:31:53.482775
20,BOSS直聘,无障碍专区,,boss_zhipin,https://www.zhipin.com/accessible_job/,https://www.zhipin.com/web/geek/jobs?query=%E6%9C%BA%E5%99%A8%E4%BA%BA&_security_check=5_1772328699995,,,True,False,False,,2026-03-01T01:31:53.482775
19,BOSS直聘,BOSS直聘,,boss_zhipin,https://www.zhipin.com/,https://www.zhipin.com/web/geek/jobs?query=%E6%9C%BA%E5%99%A8%E4%BA%BA&_security_check=5_1772328699995,,,True,False,False,,2026-03-01T01:31:53.482775
18,BOSS直聘,职位搜索,,boss_zhipin,https://www.zhipin.com/job_detail/,https://www.zhipin.com/web/geek/jobs?query=%E6%9C%BA%E5%99%A8%E4%BA%BA&_security_check=5_1772328699995,,,True,False,False,,2026-03-01T01:31:53.482775
